test,predict,testlabel,predictlabel
0.618583333,0.62661046,0,0
0.62,0.64802873,0,1
0.656230769,0.6628038,1,1
0.712076923,0.7205259,2,2
0.757571429,0.7323631,2,2
