test,predict,testlabel,predictlabel
0.60675,0.62309974,0,0
0.62475,0.626692,0,0
0.6628571429999999,0.6437455,1,1
0.692272727,0.7285444,1,2
0.735230769,0.68137556,2,1
