test,predict,testlabel,predictlabel
0.616636364,0.64479065,0,1
0.6460833330000001,0.6684915,1,1
0.682384615,0.673712,1,1
0.704833333,0.6810184,2,1
0.726153846,0.673998,2,1
