test,predict,testlabel,predictlabel
0.613909091,0.66595423,0,1
0.637583333,0.6407608,0,1
0.6439999999999999,0.68535686,1,1
0.681,0.74428475,1,2
0.714,0.7423158,2,2
