test,predict,testlabel,predictlabel
0.61725,0.62119776,0,0
0.6162,0.65820545,0,1
0.6432,0.6599362,1,1
0.7217692310000001,0.63319224,2,0
0.767538462,0.71773434,2,2
