test,predict,testlabel,predictlabel
0.60675,0.62113154,0,0
0.62475,0.6203661,0,0
0.6628571429999999,0.64518875,1,1
0.692272727,0.7216353,1,2
0.735230769,0.67108196,2,1
