test,predict,testlabel,predictlabel
0.617916667,0.6106725,0,0
0.638166667,0.64101267,0,1
0.6507333329999999,0.6863566,1,1
0.719571429,0.69810396,2,1
0.708692308,0.74160814,2,2
