test,predict,testlabel,predictlabel
0.61725,0.6118244,0,0
0.6162,0.7047649,0,2
0.6432,0.7149436,1,2
0.7217692310000001,0.6416174,2,1
0.767538462,0.70803255,2,2
