test,predict,testlabel,predictlabel
0.626,0.6189801,0,0
0.621727273,0.62810916,0,0
0.6596666669999999,0.6153939,1,0
0.699933333,0.63649976,1,0
0.719,0.6866154,2,1
