test,predict,testlabel,predictlabel
0.616636364,0.67185485,0,1
0.6460833330000001,0.64563674,1,1
0.682384615,0.6697105,1,1
0.704833333,0.64722747,2,1
0.726153846,0.69161683,2,1
