test,predict,testlabel,predictlabel
0.61725,0.62239236,0,0
0.6162,0.6807025,0,1
0.6432,0.6401747,1,1
0.7217692310000001,0.6940797,2,1
0.767538462,0.7010726,2,2
