test,predict,testlabel,predictlabel
0.626,0.61761,0,0
0.621727273,0.63245124,0,0
0.6596666669999999,0.61270314,1,0
0.699933333,0.6501425,1,1
0.719,0.7016606,2,2
