test,predict,testlabel,predictlabel
0.613909091,0.6818795,0,1
0.637583333,0.64686984,0,1
0.6439999999999999,0.6802512,1,1
0.681,0.7339813,1,2
0.714,0.7209762,2,2
