test,predict,testlabel,predictlabel
0.617916667,0.61645836,0,0
0.638166667,0.63454324,0,0
0.6507333329999999,0.6625811,1,1
0.719571429,0.68262315,2,1
0.708692308,0.7120252,2,2
