test,predict,testlabel,predictlabel
0.617916667,0.60631704,0,0
0.638166667,0.64682794,0,1
0.6507333329999999,0.68466824,1,1
0.719571429,0.64633644,2,1
0.708692308,0.73137194,2,2
