test,predict,testlabel,predictlabel
0.61725,0.6161857,0,0
0.6162,0.67592347,0,1
0.6432,0.65289533,1,1
0.7217692310000001,0.66376334,2,1
0.767538462,0.69813997,2,1
