test,predict,testlabel,predictlabel
0.61725,0.61587834,0,0
0.6162,0.6438194,0,1
0.6432,0.64217407,1,1
0.7217692310000001,0.6678613,2,1
0.767538462,0.70102733,2,2
