test,predict,testlabel,predictlabel
0.60675,0.6260734,0,0
0.62475,0.62530243,0,0
0.6628571429999999,0.6567895,1,1
0.692272727,0.68498933,1,1
0.735230769,0.64444596,2,1
