test,predict,testlabel,predictlabel
0.626,0.6209056,0,0
0.621727273,0.64117134,0,1
0.6596666669999999,0.62215203,1,0
0.699933333,0.63850874,1,0
0.719,0.6950226,2,1
