test,predict,testlabel,predictlabel
0.618583333,0.6405864,0,1
0.62,0.65450346,0,1
0.656230769,0.67339313,1,1
0.712076923,0.69046515,2,1
0.757571429,0.73230433,2,2
