test,predict,testlabel,predictlabel
0.616636364,0.63280624,0,0
0.6460833330000001,0.66253215,1,1
0.682384615,0.6595832,1,1
0.704833333,0.66586024,2,1
0.726153846,0.6899043,2,1
