test,predict,testlabel,predictlabel
0.617916667,0.6188717,0,0
0.638166667,0.6218245,0,0
0.6507333329999999,0.64769536,1,1
0.719571429,0.64592093,2,1
0.708692308,0.7451939,2,2
