test,predict,testlabel,predictlabel
0.60675,0.6160136,0,0
0.62475,0.6270509,0,0
0.6628571429999999,0.68650764,1,1
0.692272727,0.7072493,1,2
0.735230769,0.65462065,2,1
