test,predict,testlabel,predictlabel
0.616636364,0.629095,0,0
0.6460833330000001,0.6359584,1,0
0.682384615,0.63270974,1,0
0.704833333,0.6381971,2,0
0.726153846,0.668174,2,1
