test,predict,testlabel,predictlabel
0.626,0.6145562,0,0
0.621727273,0.6460767,0,1
0.6596666669999999,0.62558293,1,0
0.699933333,0.66836536,1,1
0.719,0.699634,2,1
