test,predict,testlabel,predictlabel
0.617916667,0.61761385,0,0
0.638166667,0.6530022,0,1
0.6507333329999999,0.6703141,1,1
0.719571429,0.6767225,2,1
0.708692308,0.7248779,2,2
