test,predict,testlabel,predictlabel
0.626,0.617202,0,0
0.621727273,0.6251569,0,0
0.6596666669999999,0.61765605,1,0
0.699933333,0.68853575,1,1
0.719,0.72645986,2,2
