test,predict,testlabel,predictlabel
0.618583333,0.6448605,0,1
0.62,0.6466339,0,1
0.656230769,0.66288066,1,1
0.712076923,0.6804063,2,1
0.757571429,0.728016,2,2
