test,predict,testlabel,predictlabel
0.613909091,0.65041125,0,1
0.637583333,0.64450955,0,1
0.6439999999999999,0.6727681,1,1
0.681,0.7302788,1,2
0.714,0.72796077,2,2
