test,predict,testlabel,predictlabel
0.60675,0.61938196,0,0
0.62475,0.651627,0,1
0.6628571429999999,0.6528241,1,1
0.692272727,0.67607516,1,1
0.735230769,0.69532,2,1
