test,predict,testlabel,predictlabel
0.618583333,0.6329893,0,0
0.62,0.6445352,0,1
0.656230769,0.645761,1,1
0.712076923,0.694518,2,1
0.757571429,0.7038116,2,2
