test,predict,testlabel,predictlabel
0.616636364,0.61379045,0,0
0.6460833330000001,0.6514176,1,1
0.682384615,0.6535912,1,1
0.704833333,0.66090465,2,1
0.726153846,0.6700977,2,1
