test,predict,testlabel,predictlabel
0.613909091,0.6651959,0,1
0.637583333,0.6360055,0,0
0.6439999999999999,0.6477404,1,1
0.681,0.74310154,1,2
0.714,0.7359746,2,2
