test,predict,testlabel,predictlabel
0.618583333,0.64462674,0,1
0.62,0.6457982,0,1
0.656230769,0.6760901,1,1
0.712076923,0.6913312,2,1
0.757571429,0.72916275,2,2
