test,predict,testlabel,predictlabel
0.613909091,0.6811072,0,1
0.637583333,0.635048,0,0
0.6439999999999999,0.6926171,1,1
0.681,0.73955387,1,2
0.714,0.7371264,2,2
